{
  "termDistinctivenessMap": {
    "Akaka, Daniel Kahikina": 2.74044280929,
    "Alexander, Lamar": 4.74044280929,
    "Allard, Wayne": 6.74044280929,
    "Allen, George": 8.74044280929,
    "Baucus, Max": 10.7404428093,
    "Bayh, Evan": 12.7404428093,
    "Nelson, Ben": 14.7404428093,
    "Bennett, Bob": 16.7404428093,
    "Biden, Joseph R.": 18.7404428093,
    "Nelson, Bill": 20.7404428093,
    "Bingaman, Jeff": 22.7404428093,
    "Bond, Christopher S.": 24.7404428093,
    "Boxer, Barbara": 26.7404428093,
    "Breaux, John": 28.7404428093,
    "Brownback, Sam": 30.7404428093,
    "Bunning, Jim": 32.7404428093,
    "Burns, Conrad": 34.7404428093,
    "Byrd, Robert C.": 36.7404428093,
    "Campbell, Ben Nighthorse": 38.7404428093,
    "Cantwell, Maria": 40.7404428093,
    "Carper, Thomas": 42.7404428093,
    "Chafee, Lincoln D.": 44.7404428093,
    "Chambliss, Saxby": 46.7404428093,
    "Clinton, Hillary Rodham": 48.7404428093,
    "Cochran, Thad": 50.7404428093,
    "Coleman, Norm": 52.7404428093,
    "Collins, Susan": 54.7404428093,
    "Conrad, Kent": 56.7404428093,
    "Cornyn, John": 58.7404428093,
    "Corzine, Jon S.": 60.7404428093,
    "Craig, Larry": 62.7404428093,
    "Crapo, Mike": 64.7404428093,
    "Daschle, Tom": 66.7404428093,
    "Dayton, Mark": 68.7404428093,
    "DeWine, Mike": 70.7404428093,
    "Dodd, Chris": 72.7404428093,
    "Dole, Elizabeth H.": 74.7404428093,
    "Domenici, Pete V.": 76.7404428093,
    "Dorgan, Byron L.": 78.7404428093,
    "Durbin, Dick": 80.7404428093,
    "Edwards, John": 82.7404428093,
    "Ensign, John": 84.7404428093,
    "Enzi, Mike": 86.7404428093,
    "Feingold, Russ": 88.7404428093,
    "Feinstein, Dianne": 90.7404428093,
    "Fitzgerald, Peter G.": 92.7404428093,
    "Frist, Bill": 94.7404428093,
    "Graham, Bob": 96.7404428093,
    "Grassley, Chuck": 98.7404428093,
    "Gregg, Judd": 100.740442809,
    "Smith, Gordon H.": 102.740442809,
    "Hagel, Chuck": 104.740442809,
    "Harkin, Tom": 106.740442809,
    "Hatch, Orrin G.": 108.740442809,
    "Hollings, Ernest Fritz": 110.740442809,
    "Hutchison, Kay Bailey": 112.740442809,
    "Inhofe, James M.": 114.740442809,
    "Inouye, Daniel K.": 116.740442809,
    "Jeffords, Jim": 118.740442809,
    "Johnson, Tim": 120.740442809,
    "Kennedy, Edward": 122.740442809,
    "Kerry, John": 124.740442809,
    "Kohl, Herb": 126.740442809,
    "Kyl, Jon": 128.740442809,
    "Landrieu, Mary L.": 130.740442809,
    "Lautenberg, Frank": 132.740442809,
    "Leahy, Patrick": 134.740442809,
    "Levin, Carl": 136.740442809,
    "Lieberman, Joe": 138.740442809,
    "Lincoln, Blanche": 140.740442809,
    "Lott, Trent": 142.740442809,
    "Lugar, Richard G.": 144.740442809,
    "McCain, John": 146.740442809,
    "McConnell, Mitch": 148.740442809,
    "Mikulski, Barbara A.": 150.740442809,
    "Miller, Zell": 152.740442809,
    "Murkowski, Lisa": 154.740442809,
    "Murray, Patty": 156.740442809,
    "Nickles, Don": 158.740442809,
    "Pryor, Mark": 160.740442809,
    "Reid, Harry": 162.740442809,
    "Roberts, Pat": 164.740442809,
    "Rockefeller, Jay": 166.740442809,
    "Santorum, Rick": 168.740442809,
    "Sarbanes, Paul S.": 170.740442809,
    "Schumer, Charles E.": 172.740442809,
    "Sessions, Jeff": 174.740442809,
    "Shelby, Richard C.": 176.740442809,
    "Snowe, Olympia J.": 178.740442809,
    "Specter, Arlen": 180.740442809,
    "Stabenow, Debbie": 182.740442809,
    "Stevens, Ted": 184.740442809,
    "Talent, James": 186.740442809,
    "Thomas, Craig": 188.740442809,
    "Voinovich, George V.": 190.740442809,
    "Warner, John": 192.740442809,
    "Wyden, Ron": 194.740442809
  },
  "termOrderMap": {
    "Akaka, Daniel Kahikina": 1,
    "Alexander, Lamar": 2,
    "Allard, Wayne": 3,
    "Allen, George": 4,
    "Baucus, Max": 5,
    "Bayh, Evan": 6,
    "Nelson, Ben": 7,
    "Bennett, Bob": 8,
    "Biden, Joseph R.": 9,
    "Nelson, Bill": 10,
    "Bingaman, Jeff": 11,
    "Bond, Christopher S.": 12,
    "Boxer, Barbara": 13,
    "Breaux, John": 14,
    "Brownback, Sam": 15,
    "Bunning, Jim": 16,
    "Burns, Conrad": 17,
    "Byrd, Robert C.": 18,
    "Campbell, Ben Nighthorse": 19,
    "Cantwell, Maria": 20,
    "Carper, Thomas": 21,
    "Chafee, Lincoln D.": 22,
    "Chambliss, Saxby": 23,
    "Clinton, Hillary Rodham": 24,
    "Cochran, Thad": 25,
    "Coleman, Norm": 26,
    "Collins, Susan": 27,
    "Conrad, Kent": 28,
    "Cornyn, John": 29,
    "Corzine, Jon S.": 30,
    "Craig, Larry": 31,
    "Crapo, Mike": 32,
    "Daschle, Tom": 33,
    "Dayton, Mark": 34,
    "DeWine, Mike": 35,
    "Dodd, Chris": 36,
    "Dole, Elizabeth H.": 37,
    "Domenici, Pete V.": 38,
    "Dorgan, Byron L.": 39,
    "Durbin, Dick": 40,
    "Edwards, John": 41,
    "Ensign, John": 42,
    "Enzi, Mike": 43,
    "Feingold, Russ": 44,
    "Feinstein, Dianne": 45,
    "Fitzgerald, Peter G.": 46,
    "Frist, Bill": 47,
    "Graham, Bob": 48,
    "Grassley, Chuck": 49,
    "Gregg, Judd": 50,
    "Smith, Gordon H.": 51,
    "Hagel, Chuck": 52,
    "Harkin, Tom": 53,
    "Hatch, Orrin G.": 54,
    "Hollings, Ernest Fritz": 55,
    "Hutchison, Kay Bailey": 56,
    "Inhofe, James M.": 57,
    "Inouye, Daniel K.": 58,
    "Jeffords, Jim": 59,
    "Johnson, Tim": 60,
    "Kennedy, Edward": 61,
    "Kerry, John": 62,
    "Kohl, Herb": 63,
    "Kyl, Jon": 64,
    "Landrieu, Mary L.": 65,
    "Lautenberg, Frank": 66,
    "Leahy, Patrick": 67,
    "Levin, Carl": 68,
    "Lieberman, Joe": 69,
    "Lincoln, Blanche": 70,
    "Lott, Trent": 71,
    "Lugar, Richard G.": 72,
    "McCain, John": 73,
    "McConnell, Mitch": 74,
    "Mikulski, Barbara A.": 75,
    "Miller, Zell": 76,
    "Murkowski, Lisa": 77,
    "Murray, Patty": 78,
    "Nickles, Don": 79,
    "Pryor, Mark": 80,
    "Reid, Harry": 81,
    "Roberts, Pat": 82,
    "Rockefeller, Jay": 83,
    "Santorum, Rick": 84,
    "Sarbanes, Paul S.": 85,
    "Schumer, Charles E.": 86,
    "Sessions, Jeff": 87,
    "Shelby, Richard C.": 88,
    "Snowe, Olympia J.": 89,
    "Specter, Arlen": 90,
    "Stabenow, Debbie": 91,
    "Stevens, Ted": 92,
    "Talent, James": 93,
    "Thomas, Craig": 94,
    "Voinovich, George V.": 95,
    "Warner, John": 96,
    "Wyden, Ron": 97
  },
  "termRankMap": {
    "Akaka, Daniel Kahikina": 1,
    "Alexander, Lamar": 2,
    "Allard, Wayne": 3,
    "Allen, George": 4,
    "Baucus, Max": 5,
    "Bayh, Evan": 6,
    "Nelson, Ben": 7,
    "Bennett, Bob": 8,
    "Biden, Joseph R.": 9,
    "Nelson, Bill": 10,
    "Bingaman, Jeff": 11,
    "Bond, Christopher S.": 12,
    "Boxer, Barbara": 13,
    "Breaux, John": 14,
    "Brownback, Sam": 15,
    "Bunning, Jim": 16,
    "Burns, Conrad": 17,
    "Byrd, Robert C.": 18,
    "Campbell, Ben Nighthorse": 19,
    "Cantwell, Maria": 20,
    "Carper, Thomas": 21,
    "Chafee, Lincoln D.": 22,
    "Chambliss, Saxby": 23,
    "Clinton, Hillary Rodham": 24,
    "Cochran, Thad": 25,
    "Coleman, Norm": 26,
    "Collins, Susan": 27,
    "Conrad, Kent": 28,
    "Cornyn, John": 29,
    "Corzine, Jon S.": 30,
    "Craig, Larry": 31,
    "Crapo, Mike": 32,
    "Daschle, Tom": 33,
    "Dayton, Mark": 34,
    "DeWine, Mike": 35,
    "Dodd, Chris": 36,
    "Dole, Elizabeth H.": 37,
    "Domenici, Pete V.": 38,
    "Dorgan, Byron L.": 39,
    "Durbin, Dick": 40,
    "Edwards, John": 41,
    "Ensign, John": 42,
    "Enzi, Mike": 43,
    "Feingold, Russ": 44,
    "Feinstein, Dianne": 45,
    "Fitzgerald, Peter G.": 46,
    "Frist, Bill": 47,
    "Graham, Bob": 48,
    "Grassley, Chuck": 49,
    "Gregg, Judd": 50,
    "Smith, Gordon H.": 51,
    "Hagel, Chuck": 52,
    "Harkin, Tom": 53,
    "Hatch, Orrin G.": 54,
    "Hollings, Ernest Fritz": 55,
    "Hutchison, Kay Bailey": 56,
    "Inhofe, James M.": 57,
    "Inouye, Daniel K.": 58,
    "Jeffords, Jim": 59,
    "Johnson, Tim": 60,
    "Kennedy, Edward": 61,
    "Kerry, John": 62,
    "Kohl, Herb": 63,
    "Kyl, Jon": 64,
    "Landrieu, Mary L.": 65,
    "Lautenberg, Frank": 66,
    "Leahy, Patrick": 67,
    "Levin, Carl": 68,